timestamp_utc,token_id,side,price,size,t_submit_ms,t_ack_ms,maker_delay_ms,success,order_id,status,error_msg,batch_num,order_num
2026-02-01T04:40:16.357400+00:00,57275516339293668164093734623812749717873848774784002172969855083853484257625,BUY,0.01,5,1769920816456.1611,1769920816484.9392,28.778076171875,True,0x280c37e60af51c669c800d2b909378e0e7df1c58b0cdc132eae8c6952f4ca781,live,,1,1
2026-02-01T04:40:16.985883+00:00,57275516339293668164093734623812749717873848774784002172969855083853484257625,BUY,0.01,5,1769920816996.2512,1769920817024.5554,28.30419921875,True,0x899ad6614ba13292246853f091f40664c46071e1bf070700f30280c9c45feac8,live,,1,2
2026-02-01T04:40:17.525381+00:00,57275516339293668164093734623812749717873848774784002172969855083853484257625,BUY,0.01,5,1769920817535.5527,1769920817565.1113,29.55859375,True,0xb244e2c3d0f28599a170d94c3ea1dd4286dc965fae7e8630001e4492194a5bb4,live,,1,3
2026-02-01T04:40:18.065934+00:00,57275516339293668164093734623812749717873848774784002172969855083853484257625,BUY,0.01,5,1769920818076.4846,1769920818104.1353,27.650634765625,True,0xa173ab1e620f3ece4137df0fa1d7f2d80500ec846181856f65bc445b8c55c327,live,,1,4
2026-02-01T04:40:18.604962+00:00,57275516339293668164093734623812749717873848774784002172969855083853484257625,BUY,0.01,5,1769920818615.2341,1769920818643.1736,27.939453125,True,0xc5a7896ce0b447b717ebc1230b2c6b9539c77680d180e61523451fc8bf7e1de5,live,,1,5
2026-02-01T04:40:20.284593+00:00,57275516339293668164093734623812749717873848774784002172969855083853484257625,BUY,0.01,5,1769920820294.7617,1769920820320.875,26.11328125,True,0xcd2ff8b87ed23289c04456a3b2113b9e703e9d7808fbf459c7ddac773bd7dfa5,live,,2,1
2026-02-01T04:40:20.821716+00:00,57275516339293668164093734623812749717873848774784002172969855083853484257625,BUY,0.01,5,1769920820831.9678,1769920820860.3098,28.342041015625,True,0xb512ee2e7aa537f709c9a0ca4e2da49a3a9b7bfd2057970922648a646fee2723,live,,2,2
2026-02-01T04:40:21.361138+00:00,57275516339293668164093734623812749717873848774784002172969855083853484257625,BUY,0.01,5,1769920821371.3867,1769920821400.6892,29.302490234375,True,0x60ad231c8acb936a846b1e31c0c31f864b00a2ff9db5810fcd84d59af71540c3,live,,2,3
2026-02-01T04:40:21.901528+00:00,57275516339293668164093734623812749717873848774784002172969855083853484257625,BUY,0.01,5,1769920821912.1562,1769920821952.411,40.254638671875,True,0x1d7260726b86fc0dd8fb2043529027d7864b8265823bbb8acfe47de2c99f36ec,live,,2,4
2026-02-01T04:40:22.453236+00:00,57275516339293668164093734623812749717873848774784002172969855083853484257625,BUY,0.01,5,1769920822463.6663,1769920822489.0496,25.38330078125,True,0x03aac6073eb6d3aca26a16da0b81c0925b5cb72614ea25b40882088b77b4fe8f,live,,2,5
2026-02-01T04:40:24.116878+00:00,57275516339293668164093734623812749717873848774784002172969855083853484257625,BUY,0.01,5,1769920824127.2434,1769920824155.508,28.2646484375,True,0xfc094afb4d2d9de0831b9c08040a1bb3b3c81c523814bcb0e923e8abf57c09c5,live,,3,1
2026-02-01T04:40:24.656337+00:00,57275516339293668164093734623812749717873848774784002172969855083853484257625,BUY,0.01,5,1769920824666.7993,1769920824694.1846,27.38525390625,True,0x8632bfaae30f7ce5d29645da5ae4808830876b31e3568928c891f33f21aca7b5,live,,3,2
2026-02-01T04:40:25.195177+00:00,57275516339293668164093734623812749717873848774784002172969855083853484257625,BUY,0.01,5,1769920825205.6685,1769920825241.4673,35.798828125,True,0xb3e64b37c377f85ae8875ecf0875521f8aa4ab8e437b2da68acbf1f0ece0d227,live,,3,3
2026-02-01T04:40:25.742309+00:00,57275516339293668164093734623812749717873848774784002172969855083853484257625,BUY,0.01,5,1769920825752.557,1769920825780.0852,27.5283203125,True,0xce31b7f321a5a14ca801466412a119ad5885aedd2877cfcf7d14fb8389508a2d,live,,3,4
2026-02-01T04:40:26.280915+00:00,57275516339293668164093734623812749717873848774784002172969855083853484257625,BUY,0.01,5,1769920826291.173,1769920826317.1929,26.019775390625,True,0x40104ae45f2d7f9a56eb9f7f760cd5bda5793f8be606ef4a3a69257d0e6ea28f,live,,3,5
2026-02-01T04:40:50.344325+00:00,57275516339293668164093734623812749717873848774784002172969855083853484257625,BUY,0.01,5,1769920850434.0964,1769920850468.626,34.529541015625,True,0x14a5c8b75403a8e2ac71ba04b5408e297ca98eab7f8602b17c3161d19882b0bf,live,,1,1
2026-02-01T04:40:50.969521+00:00,57275516339293668164093734623812749717873848774784002172969855083853484257625,BUY,0.01,5,1769920850980.2932,1769920851012.9075,32.6142578125,True,0x62230b766367f321ae387b75d79a852c1d506690b4d798030ada8f2f1cdc8ec9,live,,1,2
2026-02-01T04:40:51.513735+00:00,57275516339293668164093734623812749717873848774784002172969855083853484257625,BUY,0.01,5,1769920851524.058,1769920851553.926,29.867919921875,True,0x1d2109ca76a57c679db3f3512a6cc70c825ff07a44b1d6bde885638e5196f587,live,,1,3
2026-02-01T04:40:52.054773+00:00,57275516339293668164093734623812749717873848774784002172969855083853484257625,BUY,0.01,5,1769920852065.6392,1769920852105.5095,39.870361328125,True,0x62c58a0ed9aee6f0ba0037b36c56651c9d8a86ad5c0dd2bff769a4373ac805ef,live,,1,4
2026-02-01T04:40:52.606417+00:00,57275516339293668164093734623812749717873848774784002172969855083853484257625,BUY,0.01,5,1769920852616.6204,1769920852645.7605,29.14013671875,True,0x58e2428cabcfc063bfbf23d09190e8c742a6cb764cf9dddf2e93134082d57f79,live,,1,5
2026-02-01T04:40:54.287779+00:00,57275516339293668164093734623812749717873848774784002172969855083853484257625,BUY,0.01,5,1769920854298.2092,1769920854325.615,27.40576171875,True,0xc8461cf1d593fdb9f5d0ae3cad6d7109c26567eb138da07e39e2cb3a15f970d3,live,,2,1
2026-02-01T04:40:54.826502+00:00,57275516339293668164093734623812749717873848774784002172969855083853484257625,BUY,0.01,5,1769920854836.8894,1769920854865.676,28.78662109375,True,0xa0f31953ec7d510f79e15cad9470efa6d7d069c42e78e982448ad73c96b5b693,live,,2,2
2026-02-01T04:40:55.366519+00:00,57275516339293668164093734623812749717873848774784002172969855083853484257625,BUY,0.01,5,1769920855376.6853,1769920855405.629,28.943603515625,True,0xa834fcdbccd75e34e37d595c59fe83a5710fc3a1d9df841e5b7c521f78e7d163,live,,2,3
2026-02-01T04:40:55.906506+00:00,57275516339293668164093734623812749717873848774784002172969855083853484257625,BUY,0.01,5,1769920855917.113,1769920855945.057,27.94384765625,True,0xedc5bf7b398e94c93a2454d301de78f631421a0fcabb445a9690682d97258ed5,live,,2,4
2026-02-01T04:40:56.445908+00:00,57275516339293668164093734623812749717873848774784002172969855083853484257625,BUY,0.01,5,1769920856456.316,1769920856486.827,30.510986328125,True,0xe1387ed3016d3010f2b541a39fea1760574d82ace2ecc9b7398ad3b8af3f0a0f,live,,2,5
2026-02-01T04:40:58.152237+00:00,57275516339293668164093734623812749717873848774784002172969855083853484257625,BUY,0.01,5,1769920858162.5435,1769920858191.309,28.765625,True,0x2cfa8e30616af178d3385b7166b87932c26048c602d87f726333e1c78a83fcee,live,,3,1
2026-02-01T04:40:58.692135+00:00,57275516339293668164093734623812749717873848774784002172969855083853484257625,BUY,0.01,5,1769920858702.4587,1769920858732.6853,30.2265625,True,0x9f85c661a926114e59b21dd9554814fd48b92e394f4834e982a5c2530f196147,live,,3,2
2026-02-01T04:40:59.233544+00:00,57275516339293668164093734623812749717873848774784002172969855083853484257625,BUY,0.01,5,1769920859243.7932,1769920859274.8562,31.06298828125,True,0x4d7b41329a2e04e5293fa0f0f83637055f5e2e6d9207c61357b35c1affff7f69,live,,3,3
2026-02-01T04:40:59.775691+00:00,57275516339293668164093734623812749717873848774784002172969855083853484257625,BUY,0.01,5,1769920859786.0466,1769920859813.903,27.8564453125,True,0xb70c0ce9bfdd7cb8d50e1ee68efdecb58002fb8e353c665dceefef4020826583,live,,3,4
2026-02-01T04:41:00.314729+00:00,57275516339293668164093734623812749717873848774784002172969855083853484257625,BUY,0.01,5,1769920860325.219,1769920860352.482,27.262939453125,True,0x2e663cc4a767e6babc7e97a7059d9d4fad7e95c4bea4b932fb52c59316ef2129,live,,3,5
2026-02-01T04:41:01.993556+00:00,57275516339293668164093734623812749717873848774784002172969855083853484257625,BUY,0.01,5,1769920862009.6926,1769920862042.9243,33.231689453125,True,0x51a935001a22fe4130ede27eca416fda95d7bf19d3f6c70b25b47d30848dfb42,live,,4,1
2026-02-01T04:41:02.543769+00:00,57275516339293668164093734623812749717873848774784002172969855083853484257625,BUY,0.01,5,1769920862554.3813,1769920862581.9082,27.52685546875,True,0x956597c1259aa8200f5a8b62a84c13c72200fa4afd5af146fd3d25626095933e,live,,4,2
2026-02-01T04:41:03.082771+00:00,57275516339293668164093734623812749717873848774784002172969855083853484257625,BUY,0.01,5,1769920863093.1816,1769920863121.4917,28.31005859375,True,0x26c2ffec05caf7ff94a85baf3dc727e9a397410478f84ffefc5eaac4e49349b8,live,,4,3
2026-02-01T04:41:03.622431+00:00,57275516339293668164093734623812749717873848774784002172969855083853484257625,BUY,0.01,5,1769920863632.889,1769920863660.5334,27.64453125,True,0x6ae8738fe95254f48cd0a25c749938a5a74033c8857a178d87aa8106cdcde90b,live,,4,4
2026-02-01T04:41:04.161378+00:00,57275516339293668164093734623812749717873848774784002172969855083853484257625,BUY,0.01,5,1769920864172.7676,1769920864201.295,28.52734375,True,0xf1b9b482ba8ed0a958e2775f240d1df47c6301c0cd9b5a6d90a1741b9949a9b3,live,,4,5
2026-02-01T04:41:05.845539+00:00,57275516339293668164093734623812749717873848774784002172969855083853484257625,BUY,0.01,5,1769920865855.969,1769920865883.632,27.6630859375,True,0x247fe85508f8fcfc8f3d96a66c1babc809e0bbb2c420bade32158fb142e1e1a6,live,,5,1
2026-02-01T04:41:06.384459+00:00,57275516339293668164093734623812749717873848774784002172969855083853484257625,BUY,0.01,5,1769920866394.7126,1769920866422.704,27.991455078125,True,0xae002491d17bbe53bc51697236b43a5755cda7167ac328bdb9e98cc5fa2d706f,live,,5,2
2026-02-01T04:41:06.923529+00:00,57275516339293668164093734623812749717873848774784002172969855083853484257625,BUY,0.01,5,1769920866933.8765,1769920866962.0415,28.1650390625,True,0x36ad56040a78156026def963a6bef18c82af96dfbcfb4dcd62db8f6023697034,live,,5,3
2026-02-01T04:41:07.462878+00:00,57275516339293668164093734623812749717873848774784002172969855083853484257625,BUY,0.01,5,1769920867473.1638,1769920867500.7476,27.583740234375,True,0x29d1b48ff45cd5588ac50cfd26f967113ab065c9ee0354475d06c7d4e62afee5,live,,5,4
2026-02-01T04:41:08.001594+00:00,57275516339293668164093734623812749717873848774784002172969855083853484257625,BUY,0.01,5,1769920868011.928,1769920868041.66,29.73193359375,True,0x584448770955023fd9b55656a2915f30eaefb7ee640f0886bfc2c84cfbd30f6b,live,,5,5
2026-02-01T04:41:09.702171+00:00,57275516339293668164093734623812749717873848774784002172969855083853484257625,BUY,0.01,5,1769920869712.4565,1769920869744.3696,31.9130859375,True,0xaa322d328dda18c5a1eb30ff904ddfb9c594954a4d80c3cc72e5fc34b943dd5f,live,,6,1
2026-02-01T04:41:10.245209+00:00,57275516339293668164093734623812749717873848774784002172969855083853484257625,BUY,0.01,5,1769920870256.2078,1769920870283.7627,27.554931640625,True,0x56f80b3b11b00705796e9808d2715b39c90c47e0ff71ec9debf78abdf244107f,live,,6,2
2026-02-01T04:41:10.784590+00:00,57275516339293668164093734623812749717873848774784002172969855083853484257625,BUY,0.01,5,1769920870794.8,1769920870824.9258,30.125732421875,True,0x8099e7c5e3a563a4127221d3a36275b35ae69741feacb2ad7f43c0cad9084904,live,,6,3
2026-02-01T04:41:11.325761+00:00,57275516339293668164093734623812749717873848774784002172969855083853484257625,BUY,0.01,5,1769920871336.4468,1769920871369.7642,33.3173828125,True,0x0c63e63a2018dbf62b9c9208e43db25299745b0b36865ff2658e35f18afae9b9,live,,6,4
2026-02-01T04:41:11.870602+00:00,57275516339293668164093734623812749717873848774784002172969855083853484257625,BUY,0.01,5,1769920871880.9116,1769920871910.0452,29.133544921875,True,0x66f566fb09043f1dc289d8ee0686f725932e070f055527f6001c1a24e5682349,live,,6,5
2026-02-01T04:41:13.548192+00:00,57275516339293668164093734623812749717873848774784002172969855083853484257625,BUY,0.01,5,1769920873558.5574,1769920873586.167,27.609619140625,True,0x3a341c8dc8b3b9e6ac6804427d7852bc6c0c80cc1ece9bdb30f2d5b637216738,live,,7,1
2026-02-01T04:41:14.087108+00:00,57275516339293668164093734623812749717873848774784002172969855083853484257625,BUY,0.01,5,1769920874097.5613,1769920874127.3665,29.80517578125,True,0x04ce04889fed0374eb04d11d326066191b34d67d8ae2b5c2f0e69ab70ff79726,live,,7,2
2026-02-01T04:41:14.628208+00:00,57275516339293668164093734623812749717873848774784002172969855083853484257625,BUY,0.01,5,1769920874638.5066,1769920874666.7075,28.200927734375,True,0x89bf50083d75e2828acacd6bf37ceef04bdf58eeb79d02ee9b906473c5573a59,live,,7,3
2026-02-01T04:41:15.167546+00:00,57275516339293668164093734623812749717873848774784002172969855083853484257625,BUY,0.01,5,1769920875177.8384,1769920875206.7983,28.9599609375,True,0xb71b015c7f072cdc94a25a85b85509b8f9dc8c707d4cd35106ddc6766128b3bf,live,,7,4
2026-02-01T04:41:15.707622+00:00,57275516339293668164093734623812749717873848774784002172969855083853484257625,BUY,0.01,5,1769920875717.89,1769920875751.2905,33.400634765625,True,0xcdab354b61835393c01cec2b7c13a8df6d3461336678301c211d02e3d7ab014f,live,,7,5
2026-02-01T04:41:17.403352+00:00,57275516339293668164093734623812749717873848774784002172969855083853484257625,BUY,0.01,5,1769920877413.5383,1769920877444.3955,30.857177734375,True,0xe085813ab1c9102a04ab65179092e19ecebb691769ce8b66f73af5056bb3492b,live,,8,1
2026-02-01T04:41:17.945221+00:00,57275516339293668164093734623812749717873848774784002172969855083853484257625,BUY,0.01,5,1769920877955.3452,1769920877982.6548,27.3095703125,True,0x8f1aced61d0b5e1de060b846e1fd6ef5f2ca5630bdb9861ae1e9def0acbf8c80,live,,8,2
2026-02-01T04:41:18.483484+00:00,57275516339293668164093734623812749717873848774784002172969855083853484257625,BUY,0.01,5,1769920878493.8176,1769920878523.623,29.805419921875,True,0x5bef149bbfbabb458b19afacc51389abac1fa8bad3feb8f5f445398b9f553b3c,live,,8,3
2026-02-01T04:41:19.024450+00:00,57275516339293668164093734623812749717873848774784002172969855083853484257625,BUY,0.01,5,1769920879034.7239,1769920879064.6428,29.9189453125,True,0x06968fcd0dbd8aa606e5644debdecb13a901bb03c27eed119f8b885a8b6dd0f6,live,,8,4
2026-02-01T04:41:19.565476+00:00,57275516339293668164093734623812749717873848774784002172969855083853484257625,BUY,0.01,5,1769920879575.887,1769920879604.2036,28.316650390625,True,0xfb3712cf61343c1fb43aa70bc3ab4e45581ea332c1c69d7af29683af50ada3c7,live,,8,5
2026-02-01T04:41:21.244152+00:00,57275516339293668164093734623812749717873848774784002172969855083853484257625,BUY,0.01,5,1769920881254.566,1769920881286.242,31.676025390625,True,0x0a1d83caebd3eaea0d76494ca102eb503318d0ae719db697e0f2733cb4a3b11f,live,,9,1
2026-02-01T04:41:21.787178+00:00,57275516339293668164093734623812749717873848774784002172969855083853484257625,BUY,0.01,5,1769920881797.8635,1769920881825.933,28.069580078125,True,0x9c42742cb1a8cd863f4eebe11e3946b1bdb93a13c1b26650fc2e3b707c5670e5,live,,9,2
2026-02-01T04:41:22.326760+00:00,57275516339293668164093734623812749717873848774784002172969855083853484257625,BUY,0.01,5,1769920882336.8801,1769920882365.6355,28.75537109375,True,0x281cb3b7ea8d205a7735b299db80f4d11dca9260fbc03490c0b19ff17ed137e6,live,,9,3
2026-02-01T04:41:22.866465+00:00,57275516339293668164093734623812749717873848774784002172969855083853484257625,BUY,0.01,5,1769920882876.8667,1769920882907.2183,30.3515625,True,0x90d3876e13b4416a5cb2ed49260780e26c444832874c298bd68d67fae1d0ebc5,live,,9,4
2026-02-01T04:41:23.408052+00:00,57275516339293668164093734623812749717873848774784002172969855083853484257625,BUY,0.01,5,1769920883418.4038,1769920883447.9033,29.49951171875,True,0xdc18759bd5ef3a7633f416666613b6fb6906592c2add5cf22c0485f628c450fe,live,,9,5
2026-02-01T04:41:25.084064+00:00,57275516339293668164093734623812749717873848774784002172969855083853484257625,BUY,0.01,5,1769920885094.2798,1769920885122.452,28.172119140625,True,0x697f71a228b67b31b1680b742136e217cfb2b7d9210238ce1269d55a4380da17,live,,10,1
2026-02-01T04:41:25.623301+00:00,57275516339293668164093734623812749717873848774784002172969855083853484257625,BUY,0.01,5,1769920885633.5964,1769920885664.1782,30.581787109375,True,0xe41a37b67188c1ecf4607dad64f9a8329f8ed9358bfbb1686cde31428f0bcc1d,live,,10,2
2026-02-01T04:41:26.165003+00:00,57275516339293668164093734623812749717873848774784002172969855083853484257625,BUY,0.01,5,1769920886175.5686,1769920886202.961,27.392333984375,True,0xeb91b271d68b9004ec25f1cf7e1f880590599cb9ecd4a167cd5fbaeec74390fe,live,,10,3
2026-02-01T04:41:26.703799+00:00,57275516339293668164093734623812749717873848774784002172969855083853484257625,BUY,0.01,5,1769920886714.1758,1769920886746.5967,32.4208984375,True,0x9c8ad0de4cfbc16db4dae0abef4aa44355e47cae718991c1326ce8c685914c8e,live,,10,4
2026-02-01T04:41:27.247453+00:00,57275516339293668164093734623812749717873848774784002172969855083853484257625,BUY,0.01,5,1769920887259.0288,1769920887287.5918,28.56298828125,True,0x46962f79ed69b3a1e3bbf5df64dee4fb40f1c6fb29fecd7918fef113f6c440ea,live,,10,5
2026-02-01T04:41:28.932769+00:00,57275516339293668164093734623812749717873848774784002172969855083853484257625,BUY,0.01,5,1769920888943.037,1769920888971.086,28.048828125,True,0xe3ed440de6c2822fa3a6e7639d94fb9481268e310d1446d5aef7d16cfeeac62c,live,,11,1
2026-02-01T04:41:29.471910+00:00,57275516339293668164093734623812749717873848774784002172969855083853484257625,BUY,0.01,5,1769920889482.2617,1769920889513.7046,31.44287109375,True,0xb903b109c3703f2b5823cb2b07c4296711d87bdb90f9640898891083b83cbe97,live,,11,2
2026-02-01T04:41:30.014547+00:00,57275516339293668164093734623812749717873848774784002172969855083853484257625,BUY,0.01,5,1769920890024.6562,1769920890054.5762,29.919921875,True,0xfbfb25fe3f4f8b7a5b243bf7a378e26beae5fb23bbf34ea08ed62dfbc1c0f2ca,live,,11,3
2026-02-01T04:41:30.555427+00:00,57275516339293668164093734623812749717873848774784002172969855083853484257625,BUY,0.01,5,1769920890565.6274,1769920890595.375,29.74755859375,True,0xcb81960425640ada4db2f591a757506ab95d3723281a7ea1720042bddc11cab8,live,,11,4
2026-02-01T04:41:31.096203+00:00,57275516339293668164093734623812749717873848774784002172969855083853484257625,BUY,0.01,5,1769920891106.5696,1769920891134.2837,27.714111328125,True,0x9e3faa1712d3f5271a379fe6d7f5c0a8836a90ec63863b756ab7d86c5406d594,live,,11,5
2026-02-01T04:41:32.767256+00:00,57275516339293668164093734623812749717873848774784002172969855083853484257625,BUY,0.01,5,1769920892783.6172,1769920892811.9187,28.301513671875,True,0xac6ed06f69b50b09d58648739f9940f81903375e44a857250554b969cc646383,live,,12,1
2026-02-01T04:41:33.312916+00:00,57275516339293668164093734623812749717873848774784002172969855083853484257625,BUY,0.01,5,1769920893323.1606,1769920893352.0576,28.89697265625,True,0x4821a83bc4fe3b8ef34c2f0ef148271fc298a9b5f527c0383fed71b8efdb3da6,live,,12,2
2026-02-01T04:41:33.852877+00:00,57275516339293668164093734623812749717873848774784002172969855083853484257625,BUY,0.01,5,1769920893863.2961,1769920893894.8179,31.521728515625,True,0x5d2762908d26868124a2f438e95e49d867d8795741dc1853cd215be6c7f54be1,live,,12,3
2026-02-01T04:41:34.395639+00:00,57275516339293668164093734623812749717873848774784002172969855083853484257625,BUY,0.01,5,1769920894405.8396,1769920894435.6292,29.78955078125,True,0x8043f853f8ce4e9dc2dd99379eeeb717d112605e4d830d8b605c86dbff4a913b,live,,12,4
2026-02-01T04:41:34.936457+00:00,57275516339293668164093734623812749717873848774784002172969855083853484257625,BUY,0.01,5,1769920894946.8037,1769920894974.5417,27.738037109375,True,0x076d29c092b24e64114e9713038bea6cecdabea4bb6a7d3cfa744c21b69e9cfb,live,,12,5
2026-02-01T04:41:36.615842+00:00,57275516339293668164093734623812749717873848774784002172969855083853484257625,BUY,0.01,5,1769920896626.1106,1769920896654.536,28.42529296875,True,0xfd0aea9237db1512e7c8359da2e9a746b20162715fed755a946c53852a5d6670,live,,13,1
2026-02-01T04:41:37.155366+00:00,57275516339293668164093734623812749717873848774784002172969855083853484257625,BUY,0.01,5,1769920897165.4216,1769920897193.6763,28.254638671875,True,0x7ff5772ff7952b91363ea6d108622f295fd8442d3cbf10d2f39174e22432ce76,live,,13,2
2026-02-01T04:41:37.694525+00:00,57275516339293668164093734623812749717873848774784002172969855083853484257625,BUY,0.01,5,1769920897705.1506,1769920897733.0225,27.871826171875,True,0x3ab16a93fca6ec99191f6878bb4fcddfcd68d3625cf9ee726c9efc85805ce6ef,live,,13,3
2026-02-01T04:41:38.233847+00:00,57275516339293668164093734623812749717873848774784002172969855083853484257625,BUY,0.01,5,1769920898244.1497,1769920898271.727,27.577392578125,True,0xd686a8789600519e5d65890efe635705dc2516b961296b984058d90426358e70,live,,13,4
2026-02-01T04:41:38.772556+00:00,57275516339293668164093734623812749717873848774784002172969855083853484257625,BUY,0.01,5,1769920898782.8318,1769920898811.6685,28.836669921875,True,0x01606bae258017fad0abc91ce71c923aebe49c872c0189dee1837526caf84ac8,live,,13,5
2026-02-01T04:41:40.456384+00:00,57275516339293668164093734623812749717873848774784002172969855083853484257625,BUY,0.01,5,1769920900466.8855,1769920900494.8,27.91455078125,True,0x37aa14fc651295000d2d31504e2bcaf4f9c788900b5fc34e1fdf68149c555708,live,,14,1
2026-02-01T04:41:40.995625+00:00,57275516339293668164093734623812749717873848774784002172969855083853484257625,BUY,0.01,5,1769920901006.1133,1769920901033.6086,27.495361328125,True,0xb780967d9cf391d73857c9a0e689f8ab7f0462168c05ecb4f107de825f682cdc,live,,14,2
2026-02-01T04:41:41.534447+00:00,57275516339293668164093734623812749717873848774784002172969855083853484257625,BUY,0.01,5,1769920901544.6396,1769920901573.12,28.48046875,True,0x3393c251c8aee265faddada3e1769b0b8bb5e47cee4daa4b1c32caa5f87efc39,live,,14,3
2026-02-01T04:41:42.073969+00:00,57275516339293668164093734623812749717873848774784002172969855083853484257625,BUY,0.01,5,1769920902084.59,1769920902112.5642,27.97412109375,True,0xc575be0c99c9d1e346a74222c452b2e2e606102b599cdb5b24128a9c9f6baaf5,live,,14,4
2026-02-01T04:41:42.613402+00:00,57275516339293668164093734623812749717873848774784002172969855083853484257625,BUY,0.01,5,1769920902623.9595,1769920902652.0845,28.125,True,0x2ec5a74101ac6c66e7c113066f65b539feb92f9e91ea7e3d6691835ece7924f1,live,,14,5
2026-02-01T04:41:44.287510+00:00,57275516339293668164093734623812749717873848774784002172969855083853484257625,BUY,0.01,5,1769920904307.221,1769920904341.3584,34.137451171875,True,0xd66690950eb6224c620730975a0106af82c5a732316eda2905e3a54970ecc9a0,live,,15,1
2026-02-01T04:41:44.842186+00:00,57275516339293668164093734623812749717873848774784002172969855083853484257625,BUY,0.01,5,1769920904852.6038,1769920904880.9797,28.3759765625,True,0x75a0222bcf70ec5ee1c62e328626494e40bd3b7800b948c55cc243b0650ffab4,live,,15,2
2026-02-01T04:41:45.381821+00:00,57275516339293668164093734623812749717873848774784002172969855083853484257625,BUY,0.01,5,1769920905392.3613,1769920905420.7095,28.34814453125,True,0x0ca8ad8b80e00a1250ad60cf6efbb6c8ec35f527b4d1c077cad2b068041edafa,live,,15,3
2026-02-01T04:41:45.921533+00:00,57275516339293668164093734623812749717873848774784002172969855083853484257625,BUY,0.01,5,1769920905931.8716,1769920905962.6602,30.78857421875,True,0xd5c36633338555116c70f7e42b2d598cee9c3967cc7bcfb6483e97eb01c27c6e,live,,15,4
2026-02-01T04:41:46.463519+00:00,57275516339293668164093734623812749717873848774784002172969855083853484257625,BUY,0.01,5,1769920906473.806,1769920906503.8816,30.07568359375,True,0xd4ac9a045e67c11841e910a410cd3beb7aab980712018f0ccca3f5dbf7a53257,live,,15,5
2026-02-01T04:41:48.146496+00:00,57275516339293668164093734623812749717873848774784002172969855083853484257625,BUY,0.01,5,1769920908157.1484,1769920908186.8167,29.668212890625,True,0xe289c6b3e48e1a0bc67bbb8659d56964e46fdf96d9d811c8655d0f9304f56ef6,live,,16,1
2026-02-01T04:41:48.687654+00:00,57275516339293668164093734623812749717873848774784002172969855083853484257625,BUY,0.01,5,1769920908698.0554,1769920908726.0962,28.040771484375,True,0x3bf573a2df39151f05938b6c3328de886ce088b0f4b173f18889c6907778a7dd,live,,16,2
2026-02-01T04:41:49.227044+00:00,57275516339293668164093734623812749717873848774784002172969855083853484257625,BUY,0.01,5,1769920909237.2175,1769920909268.2407,31.023193359375,True,0xb1ef778d0cf51503335789b1daa9ad19bc9723fc6ea8170f2997418ea7be3f1c,live,,16,3
2026-02-01T04:41:49.769072+00:00,57275516339293668164093734623812749717873848774784002172969855083853484257625,BUY,0.01,5,1769920909779.4326,1769920909806.9326,27.5,True,0xf281a2fb3ee6f413266934158958d6725df1961dd3c827d9632fb8c0e8b9d93a,live,,16,4
2026-02-01T04:41:50.307752+00:00,57275516339293668164093734623812749717873848774784002172969855083853484257625,BUY,0.01,5,1769920910317.9126,1769920910353.2659,35.353271484375,True,0xb635f84a1b128033c8e0063cbee9955b27ad783c1aa38094d69ee6753a771713,live,,16,5
2026-02-01T04:41:52.006557+00:00,57275516339293668164093734623812749717873848774784002172969855083853484257625,BUY,0.01,5,1769920912016.77,1769920912045.549,28.779052734375,True,0xad92204931543acc9d4068a2d2985ef68d4aca091dfa194950a87cba9230a9c1,live,,17,1
2026-02-01T04:41:52.546532+00:00,57275516339293668164093734623812749717873848774784002172969855083853484257625,BUY,0.01,5,1769920912556.9514,1769920912585.2131,28.26171875,True,0x2dc7d8d7aeff43cb4dc9e0fe09dd6b9ba536f640baab536c49b02344e0c7ba72,live,,17,2
2026-02-01T04:41:53.086052+00:00,57275516339293668164093734623812749717873848774784002172969855083853484257625,BUY,0.01,5,1769920913096.4678,1769920913124.809,28.34130859375,True,0xd525e4e246d4765f2469e277f0f64f39b3d93d899a4f7ad99daec7e6abe319e6,live,,17,3
2026-02-01T04:41:53.625658+00:00,57275516339293668164093734623812749717873848774784002172969855083853484257625,BUY,0.01,5,1769920913636.2983,1769920913664.5747,28.2763671875,True,0xf62f9119ed344e1270cee9b2e49e34362d604876e7ec5090ae1b279d372cc63d,live,,17,4
2026-02-01T04:41:54.165405+00:00,57275516339293668164093734623812749717873848774784002172969855083853484257625,BUY,0.01,5,1769920914175.7139,1769920914205.285,29.571044921875,True,0x25a45e0aaca84fa6788011e516c2eb3ce6fff6a7f2ea741520438ea0ae8f5878,live,,17,5
2026-02-01T04:41:55.846230+00:00,57275516339293668164093734623812749717873848774784002172969855083853484257625,BUY,0.01,5,1769920915856.6487,1769920915885.5667,28.91796875,True,0x88535ed14dfba6ab238016872b9a9d1c656d818b38962b23d7fdaace58c2483c,live,,18,1
2026-02-01T04:41:56.386478+00:00,57275516339293668164093734623812749717873848774784002172969855083853484257625,BUY,0.01,5,1769920916396.7512,1769920916424.6152,27.864013671875,True,0xe8214c7636193cda8257239da478feca2c23f4dfa5d3ce4a3fff0cabc884d7b5,live,,18,2
2026-02-01T04:41:56.925464+00:00,57275516339293668164093734623812749717873848774784002172969855083853484257625,BUY,0.01,5,1769920916935.8135,1769920916963.4785,27.6650390625,True,0x99f8ec7c953a95bdf575913c557bc751afa2010cb8bd8deb61186eecdc2db1d3,live,,18,3
2026-02-01T04:41:57.464328+00:00,57275516339293668164093734623812749717873848774784002172969855083853484257625,BUY,0.01,5,1769920917474.655,1769920917502.562,27.906982421875,True,0x182307de6101f6607c06c40e0d2f0a770950eb5d0732cb055db662cdc2d996c2,live,,18,4
2026-02-01T04:41:58.003399+00:00,57275516339293668164093734623812749717873848774784002172969855083853484257625,BUY,0.01,5,1769920918013.6248,1769920918043.4111,29.786376953125,True,0x15582892662da17c0de78e697f85c61860c66233ae72cd6dcccd80010615e3f4,live,,18,5
2026-02-01T04:41:59.679595+00:00,57275516339293668164093734623812749717873848774784002172969855083853484257625,BUY,0.01,5,1769920919689.8843,1769920919718.381,28.496826171875,True,0x8b271ec9add97c972bfaf847b623b44a78868a2968a3272e3e170b9eeddeb8cf,live,,19,1
2026-02-01T04:42:00.219234+00:00,57275516339293668164093734623812749717873848774784002172969855083853484257625,BUY,0.01,5,1769920920230.9946,1769920920258.0369,27.042236328125,True,0x89094720f1a67fc51d3246430f5af5b1f545c37e92201a1729c521c63505fc6b,live,,19,2
2026-02-01T04:42:00.759007+00:00,57275516339293668164093734623812749717873848774784002172969855083853484257625,BUY,0.01,5,1769920920769.217,1769920920796.5388,27.32177734375,True,0x769370a46f108ad710798fcd5985688b7cd33cccaf4c5e0b729078c75f7450e6,live,,19,3
2026-02-01T04:42:01.298969+00:00,57275516339293668164093734623812749717873848774784002172969855083853484257625,BUY,0.01,5,1769920921322.7168,1769920921381.226,58.50927734375,True,0x413e71793494c76d12aadda289c4d7df2d6b3b83007df285371ff1531b82e4e1,live,,19,4
2026-02-01T04:42:01.882098+00:00,57275516339293668164093734623812749717873848774784002172969855083853484257625,BUY,0.01,5,1769920921892.157,1769920921923.9773,31.8203125,True,0xe9472fa120e81f77e8bcbb621acc6c71aa002e4be21b0717a3b07ec8e65a0b7b,live,,19,5
2026-02-01T04:42:03.586513+00:00,57275516339293668164093734623812749717873848774784002172969855083853484257625,BUY,0.01,5,1769920923596.6785,1769920923625.9272,29.248779296875,True,0x1c1d62c7221c471e918802c63c9694a46372233645fc0818c48e8750fb9b0c03,live,,20,1
2026-02-01T04:42:04.126766+00:00,57275516339293668164093734623812749717873848774784002172969855083853484257625,BUY,0.01,5,1769920924137.3623,1769920924169.8535,32.4912109375,True,0x9be4b5712243fd3dc42ea37fd7d5a3a323492c0ee23bc8367aa24d91e7f72a7e,live,,20,2
2026-02-01T04:42:04.670682+00:00,57275516339293668164093734623812749717873848774784002172969855083853484257625,BUY,0.01,5,1769920924681.0,1769920924708.2834,27.283447265625,True,0x161ee90febce1ebed48aa6f45fff6fbc0db22b8fa5b902b169531b15c7b5ca7d,live,,20,3
2026-02-01T04:42:05.209113+00:00,57275516339293668164093734623812749717873848774784002172969855083853484257625,BUY,0.01,5,1769920925219.5718,1769920925249.4832,29.911376953125,True,0xf8d19dca4d979474ebb679be0202b11ddb6b2107c79b577111511459c2afdca1,live,,20,4
2026-02-01T04:42:05.750417+00:00,57275516339293668164093734623812749717873848774784002172969855083853484257625,BUY,0.01,5,1769920925760.6353,1769920925791.15,30.5146484375,True,0x176f1fd092070f7b11e7ac3f60f447c815ff209524a0f82993f5e5e2c177a283,live,,20,5
2026-02-01T04:42:33.298419+00:00,57275516339293668164093734623812749717873848774784002172969855083853484257625,BUY,0.01,5,1769920953384.8467,1769920953413.815,28.96826171875,True,0x3e8e180d2c983508af10efd71ab01d0dbb017a50956a6f508bdcc7d1e3d2e13a,live,,1,1
2026-02-01T04:42:33.914673+00:00,57275516339293668164093734623812749717873848774784002172969855083853484257625,BUY,0.01,5,1769920953925.0413,1769920953954.1582,29.116943359375,True,0xac87599613e648f3d09277e27cc800b49dbab55438270978a8f0cffa20098ed3,live,,1,2
2026-02-01T04:42:34.455098+00:00,57275516339293668164093734623812749717873848774784002172969855083853484257625,BUY,0.01,5,1769920954465.125,1769920954496.539,31.4140625,True,0x84affbbaad36830e3bc2bcd473a5242fcd9072b6e02a63d9fe94b2d36a93ea97,live,,1,3
2026-02-01T04:42:34.997367+00:00,57275516339293668164093734623812749717873848774784002172969855083853484257625,BUY,0.01,5,1769920955008.254,1769920955035.454,27.2001953125,True,0x4782cd76c2059d38ebc608a9b5423a128a9472c9ac94f438ae7abd6f5cd1e2bf,live,,1,4
2026-02-01T04:42:35.536277+00:00,57275516339293668164093734623812749717873848774784002172969855083853484257625,BUY,0.01,5,1769920955546.5547,1769920955575.6409,29.086181640625,True,0x7db33a1d7c46c79ace4f4375f73dbc003217ced3001d3585440d00de8a575e1d,live,,1,5
2026-02-01T04:42:37.217333+00:00,57275516339293668164093734623812749717873848774784002172969855083853484257625,BUY,0.01,5,1769920957227.7708,1769920957257.2617,29.490966796875,True,0xdbabcc3f2da1595271c81eea328c35bdf111d11b09940444d53eee8d5c86eb81,live,,2,1
2026-02-01T04:42:37.758117+00:00,57275516339293668164093734623812749717873848774784002172969855083853484257625,BUY,0.01,5,1769920957768.3477,1769920957798.7664,30.418701171875,True,0xcf6409796fc15ad6d368581e32a20ad2b9b21a3a309ffa061694de7d72f7a092,live,,2,2
2026-02-01T04:42:38.299610+00:00,57275516339293668164093734623812749717873848774784002172969855083853484257625,BUY,0.01,5,1769920958310.0657,1769920958347.2703,37.20458984375,True,0x55f10efefe57ba4ab80f09df342627ceced6a54adc1c7f81761772155ba137fc,live,,2,3
2026-02-01T04:42:38.848107+00:00,57275516339293668164093734623812749717873848774784002172969855083853484257625,BUY,0.01,5,1769920958858.8308,1769920958889.8137,30.98291015625,True,0x49921fa69aaa7ab04b26c3bfcc8edca79995d6905c0803639edb0053c8518bd1,live,,2,4
2026-02-01T04:42:39.390674+00:00,57275516339293668164093734623812749717873848774784002172969855083853484257625,BUY,0.01,5,1769920959400.9531,1769920959429.516,28.56298828125,True,0xcba09e15a127215f6205c808ee690b31d32646f4454c07d5a3e8b63d398357cf,live,,2,5
2026-02-01T04:42:41.069610+00:00,57275516339293668164093734623812749717873848774784002172969855083853484257625,BUY,0.01,5,1769920961080.17,1769920961108.1313,27.96142578125,True,0x288d0d2c1d3974bbcce8001f351d922dab7125729b3b58716dd4e3455d17e61d,live,,3,1
2026-02-01T04:42:41.608975+00:00,57275516339293668164093734623812749717873848774784002172969855083853484257625,BUY,0.01,5,1769920961619.2476,1769920961648.2512,29.003662109375,True,0xe31e54af6071baa8c020ca13b3accf3f26758c93a816273c5bd6f0a18ccd43ce,live,,3,2
2026-02-01T04:42:42.149096+00:00,57275516339293668164093734623812749717873848774784002172969855083853484257625,BUY,0.01,5,1769920962159.8926,1769920962189.2422,29.349609375,True,0x3e8b70968ef2b72d2f781e32047ab708ff4521d5c9d7cbc06101a9541eeb45be,live,,3,3
2026-02-01T04:42:42.690086+00:00,57275516339293668164093734623812749717873848774784002172969855083853484257625,BUY,0.01,5,1769920962700.372,1769920962727.919,27.546875,True,0xc39a97c6b34032332fc24c204eed6d425fcc286479d58026641afd4075d1d78c,live,,3,4
2026-02-01T04:42:43.228753+00:00,57275516339293668164093734623812749717873848774784002172969855083853484257625,BUY,0.01,5,1769920963239.3057,1769920963268.2112,28.905517578125,True,0x64736a27953f6d78684b804d2c02352cc5ea1b7f20866ad382015863fc722646,live,,3,5
2026-02-01T04:42:44.926544+00:00,57275516339293668164093734623812749717873848774784002172969855083853484257625,BUY,0.01,5,1769920964937.0056,1769920964975.876,38.870361328125,True,0x9a29f7dca159da2bf1dac89f47b88d0f687fe55437027bc1c29c22fe1df57514,live,,4,1
2026-02-01T04:42:45.476790+00:00,57275516339293668164093734623812749717873848774784002172969855083853484257625,BUY,0.01,5,1769920965487.2366,1769920965515.027,27.79052734375,True,0x27b6d24738b58be68eb9a4590e2e12ed15b54db5a17529c03ee5380b27e21878,live,,4,2
2026-02-01T04:42:46.015871+00:00,57275516339293668164093734623812749717873848774784002172969855083853484257625,BUY,0.01,5,1769920966026.2532,1769920966054.945,28.69189453125,True,0x5c9243c398d31c1f40a96ebb270dcc7ece9d74199758d46b339ea212da97e3f1,live,,4,3
2026-02-01T04:42:46.555798+00:00,57275516339293668164093734623812749717873848774784002172969855083853484257625,BUY,0.01,5,1769920966566.4316,1769920966593.383,26.951416015625,True,0xc7005057a4572b80c07f79ac126ab277a4a4af1a1c79b89a0870a11430758cc9,live,,4,4
2026-02-01T04:42:47.094254+00:00,57275516339293668164093734623812749717873848774784002172969855083853484257625,BUY,0.01,5,1769920967104.4885,1769920967132.8127,28.32421875,True,0x45b23ee9da795ce3157cf5d6f3fd80479ae9f7594a322c722a4035d78717b1ad,live,,4,5
2026-02-01T04:42:48.769274+00:00,57275516339293668164093734623812749717873848774784002172969855083853484257625,BUY,0.01,5,1769920968779.5002,1769920968809.8787,30.37841796875,True,0x5cfa306aacbe66a21c7d479cc616c98d686d2e349dffeb049195f7fdea0a9417,live,,5,1
2026-02-01T04:42:49.310714+00:00,57275516339293668164093734623812749717873848774784002172969855083853484257625,BUY,0.01,5,1769920969321.0027,1769920969348.5364,27.53369140625,True,0x0c7849b0946bd1718634193ec50de741af53ec2de56d36773d6c7e5984372f65,live,,5,2
2026-02-01T04:42:49.849385+00:00,57275516339293668164093734623812749717873848774784002172969855083853484257625,BUY,0.01,5,1769920969859.823,1769920969888.0527,28.229736328125,True,0xa8c2bc25c7cb1af8aa6c2fac7d48143a5f4dc8384d26156f66041ac321dd41f8,live,,5,3
2026-02-01T04:42:50.388899+00:00,57275516339293668164093734623812749717873848774784002172969855083853484257625,BUY,0.01,5,1769920970399.2031,1769920970428.0352,28.83203125,True,0x065ebba9ff1b9fae78b2d13bfd4b2fa3c61bfe4eba2b12c95dbcf43428d1ea6c,live,,5,4
2026-02-01T04:42:50.928906+00:00,57275516339293668164093734623812749717873848774784002172969855083853484257625,BUY,0.01,5,1769920970939.4219,1769920970967.41,27.988037109375,True,0x641f04bd2cf2f25ad7870e4fe26583016d7ea86e7a60066ac36a755c43ee8267,live,,5,5
2026-02-01T04:42:52.608120+00:00,57275516339293668164093734623812749717873848774784002172969855083853484257625,BUY,0.01,5,1769920972618.4666,1769920972646.6638,28.197265625,True,0x50d42c5884bddd56cc413e7309d03047cc9db2e08bfecebf6d5845ee772be065,live,,6,1
2026-02-01T04:42:53.147507+00:00,57275516339293668164093734623812749717873848774784002172969855083853484257625,BUY,0.01,5,1769920973157.737,1769920973187.762,30.02490234375,True,0x03620f7895c07221b539c715738071e81e5ec5c5139987944168ff267970bb02,live,,6,2
2026-02-01T04:42:53.688607+00:00,57275516339293668164093734623812749717873848774784002172969855083853484257625,BUY,0.01,5,1769920973699.3086,1769920973728.7463,29.437744140625,True,0xf2dd3fbb4c0cecb1bf74bf857e8f148617f09bb2175f8b9d9a09ec4b730cb94a,live,,6,3
2026-02-01T04:42:54.229589+00:00,57275516339293668164093734623812749717873848774784002172969855083853484257625,BUY,0.01,5,1769920974239.9258,1769920974268.32,28.394287109375,True,0x8109db35c409ea1a9d1e45378164e6abfe20ad2b4e64361202e17d123a6eb022,live,,6,4
2026-02-01T04:42:54.769159+00:00,57275516339293668164093734623812749717873848774784002172969855083853484257625,BUY,0.01,5,1769920974779.4006,1769920974807.5908,28.190185546875,True,0x6379b1defe63ac6a560d83b394a89633cd68c41c1ad58c9a6cd8f5c94607991e,live,,6,5
2026-02-01T04:42:56.449562+00:00,57275516339293668164093734623812749717873848774784002172969855083853484257625,BUY,0.01,5,1769920976460.0762,1769920976490.7808,30.70458984375,True,0x166ed9cd59647330bebfbb1235cd24ef8d75f7729da0e17a68b65a6c23d216f2,live,,7,1
2026-02-01T04:42:56.991614+00:00,57275516339293668164093734623812749717873848774784002172969855083853484257625,BUY,0.01,5,1769920977002.0093,1769920977029.2815,27.272216796875,True,0x1e26df2953efa8330db5f7243cc20df8c35b8fd984f02a0ba49e8161a546d9fb,live,,7,2
2026-02-01T04:42:57.530119+00:00,57275516339293668164093734623812749717873848774784002172969855083853484257625,BUY,0.01,5,1769920977540.4058,1769920977569.029,28.623291015625,True,0x89324f0b2cbe99d55ffc3c1d15a382daf5069edbf72a2496735bfdb1c5efc3bb,live,,7,3
2026-02-01T04:42:58.069876+00:00,57275516339293668164093734623812749717873848774784002172969855083853484257625,BUY,0.01,5,1769920978080.1506,1769920978109.2305,29.079833984375,True,0x6c1d9ec7b8aa5fdfecd900459bc98a1271bb4aaaef1065f098248a7689d59525,live,,7,4
2026-02-01T04:42:58.610067+00:00,57275516339293668164093734623812749717873848774784002172969855083853484257625,BUY,0.01,5,1769920978620.3938,1769920978656.0356,35.641845703125,True,0xae68adb87d7ad1404bdd70845043a7b6840250ee38585bb72d594ba35e37dd3b,live,,7,5
2026-02-01T04:43:00.299708+00:00,57275516339293668164093734623812749717873848774784002172969855083853484257625,BUY,0.01,5,1769920980311.2817,1769920980340.7197,29.43798828125,True,0x83f62328dbea21985dc4c0d3e1b5a85b8f73a6b047ec03d14e481532a884ad83,live,,8,1
2026-02-01T04:43:00.841564+00:00,57275516339293668164093734623812749717873848774784002172969855083853484257625,BUY,0.01,5,1769920980851.9485,1769920980879.7612,27.812744140625,True,0xa6ee4137079cda7a76f2858502126d044d88541f6f1d637e4a940aebff29c9a5,live,,8,2
2026-02-01T04:43:01.380613+00:00,57275516339293668164093734623812749717873848774784002172969855083853484257625,BUY,0.01,5,1769920981392.062,1769920981427.622,35.56005859375,True,0x50e7b5250e582213abe1e8ac88346b97f21a2777be9d8f9eeec1b06e247dbc2c,live,,8,3
2026-02-01T04:43:01.928455+00:00,57275516339293668164093734623812749717873848774784002172969855083853484257625,BUY,0.01,5,1769920981938.8992,1769920981966.9324,28.033203125,True,0x75ae5efb1f268785111b0b362f084d413cc1e274c94b12523711af4b2f6c5f42,live,,8,4
2026-02-01T04:43:02.467775+00:00,57275516339293668164093734623812749717873848774784002172969855083853484257625,BUY,0.01,5,1769920982478.1055,1769920982506.1304,28.02490234375,True,0x96c6ace3f4d997b569089ac6d9052b40b43e480ea80761303069a719d9142fa5,live,,8,5
2026-02-01T04:43:04.140869+00:00,57275516339293668164093734623812749717873848774784002172969855083853484257625,BUY,0.01,5,1769920984151.3188,1769920984188.9954,37.676513671875,True,0x0074bdc4e750bd798238546a73f1a976688a7fb965619379762c03ca258fff27,live,,9,1
2026-02-01T04:43:04.689826+00:00,57275516339293668164093734623812749717873848774784002172969855083853484257625,BUY,0.01,5,1769920984700.1567,1769920984727.3013,27.14453125,True,0xe48661f5d0fb6e6e838f375ae09f49b078c4ed9f5a4a491249c217b7eb81b8e2,live,,9,2
2026-02-01T04:43:05.228201+00:00,57275516339293668164093734623812749717873848774784002172969855083853484257625,BUY,0.01,5,1769920985238.5718,1769920985265.347,26.775146484375,True,0xb6041354ffceda0791971f5c77277e485b7981b3eebd1aac2699144f893cfeab,live,,9,3
2026-02-01T04:43:05.766181+00:00,57275516339293668164093734623812749717873848774784002172969855083853484257625,BUY,0.01,5,1769920985776.4434,1769920985803.4885,27.045166015625,True,0xf4973d08aa7d2062b2f93ef481538a52bde1551b4a4409af772f2f2982fc6518,live,,9,4
2026-02-01T04:43:06.304322+00:00,57275516339293668164093734623812749717873848774784002172969855083853484257625,BUY,0.01,5,1769920986314.8284,1769920986342.578,27.74951171875,True,0x527d9eed929c9812607ad5e463e3a087991d86ec2fcb24db19aaa44a3ff05aae,live,,9,5
2026-02-01T04:43:07.983194+00:00,57275516339293668164093734623812749717873848774784002172969855083853484257625,BUY,0.01,5,1769920987993.2874,1769920988026.18,32.892578125,True,0x000e28f5275981ab0e3cd34843c36e13b2661d0f76201a8e97d024a84ea5222b,live,,10,1
2026-02-01T04:43:08.527117+00:00,57275516339293668164093734623812749717873848774784002172969855083853484257625,BUY,0.01,5,1769920988537.4272,1769920988564.1345,26.707275390625,True,0x21975726dcab0a07740445f4e62cf2876ccae4133ad668ae81ba73bda78ac137,live,,10,2
2026-02-01T04:43:09.064966+00:00,57275516339293668164093734623812749717873848774784002172969855083853484257625,BUY,0.01,5,1769920989075.4268,1769920989106.2725,30.845703125,True,0xa4ba248f1771a728626a4c983bb64a8f3e6f2ee007b41088b55ef672bf340524,live,,10,3
2026-02-01T04:43:09.607180+00:00,57275516339293668164093734623812749717873848774784002172969855083853484257625,BUY,0.01,5,1769920989617.7083,1769920989644.6702,26.9619140625,True,0xfdcd938eb18bf74ee23ee0232a629b520b859d9ebd37c02db7d2b1fa37dec2e5,live,,10,4
2026-02-01T04:43:10.145495+00:00,57275516339293668164093734623812749717873848774784002172969855083853484257625,BUY,0.01,5,1769920990155.95,1769920990183.423,27.47314453125,True,0x68c82e082e057550615934b1e167caa45ed671664c758b7dfbec4ce51070d5f6,live,,10,5
2026-02-01T04:43:11.820460+00:00,57275516339293668164093734623812749717873848774784002172969855083853484257625,BUY,0.01,5,1769920991830.8066,1769920991858.5483,27.74169921875,True,0xef7f4707596aff71f409141f5b2ce5102c7043d97c59dca976537cb256860d41,live,,11,1
2026-02-01T04:43:12.359388+00:00,57275516339293668164093734623812749717873848774784002172969855083853484257625,BUY,0.01,5,1769920992369.8772,1769920992398.6638,28.78662109375,True,0x8b00392e2b81ee1f7f0735397753b49121a30a0e8144b264800ec58a9b9fa7d1,live,,11,2
2026-02-01T04:43:12.899504+00:00,57275516339293668164093734623812749717873848774784002172969855083853484257625,BUY,0.01,5,1769920992909.8635,1769920992954.858,44.994384765625,True,0xf3a630bd7195215b4a978c6fc1e8ad5225113d75079d0958f39add09e7968717,live,,11,3
2026-02-01T04:43:13.455678+00:00,57275516339293668164093734623812749717873848774784002172969855083853484257625,BUY,0.01,5,1769920993465.7615,1769920993494.9502,29.188720703125,True,0xd8c7288a3711e0acd9c60e65e438fcadd72a0a4de63135e7b720c017bb64bcf5,live,,11,4
2026-02-01T04:43:13.995784+00:00,57275516339293668164093734623812749717873848774784002172969855083853484257625,BUY,0.01,5,1769920994006.02,1769920994034.263,28.242919921875,True,0x355531e5790efbe905a16b2b7cb2dcdb3ba47aff6d89338932b2a167a0f06f00,live,,11,5
2026-02-01T04:43:15.676435+00:00,57275516339293668164093734623812749717873848774784002172969855083853484257625,BUY,0.01,5,1769920995686.8276,1769920995716.278,29.450439453125,True,0x0a82ed18533c7d0fe88e29f15d1b4762ff404fbc171206a0e005cb0c46c362a5,live,,12,1
2026-02-01T04:43:16.217103+00:00,57275516339293668164093734623812749717873848774784002172969855083853484257625,BUY,0.01,5,1769920996227.433,1769920996255.9937,28.560546875,True,0x3c92e79b24cac289d87ad4d2dc710c81098d642742250b80629e83cfe5f5ec9a,live,,12,2
2026-02-01T04:43:16.756825+00:00,57275516339293668164093734623812749717873848774784002172969855083853484257625,BUY,0.01,5,1769920996767.27,1769920996794.3843,27.1142578125,True,0x725e5a4763c74eaea112ea19fed145b8d1c300595674545427142529bc974562,live,,12,3
2026-02-01T04:43:17.295221+00:00,57275516339293668164093734623812749717873848774784002172969855083853484257625,BUY,0.01,5,1769920997305.4973,1769920997335.1587,29.661376953125,True,0xec04d404307493be52caa9c6baec97713e4fb6f7506686d01466da8dc24f3f42,live,,12,4
2026-02-01T04:43:17.835982+00:00,57275516339293668164093734623812749717873848774784002172969855083853484257625,BUY,0.01,5,1769920997846.1611,1769920997873.9944,27.833251953125,True,0x1387b06bd1ec7bf9d12f4469e6e082d829290f266f9c1e9ec1806338e6313fa8,live,,12,5
2026-02-01T04:43:19.514073+00:00,57275516339293668164093734623812749717873848774784002172969855083853484257625,BUY,0.01,5,1769920999524.3066,1769920999553.1934,28.88671875,True,0x67fdcbc8aee5d44fc0acf24afbac973ab29eac80d9f35ac0a3b98a0d8beca681,live,,13,1
2026-02-01T04:43:20.054059+00:00,57275516339293668164093734623812749717873848774784002172969855083853484257625,BUY,0.01,5,1769921000064.4255,1769921000092.561,28.135498046875,True,0x13a644c3e9e237844c215694c9e7be1cc5163a4caf16a282d8158d641d93e91c,live,,13,2
2026-02-01T04:43:20.593378+00:00,57275516339293668164093734623812749717873848774784002172969855083853484257625,BUY,0.01,5,1769921000603.8645,1769921000632.169,28.304443359375,True,0x8e0f56fc1197ad40faa61a98365798e2116d53e269a9d229c49890be675192ee,live,,13,3
2026-02-01T04:43:21.133016+00:00,57275516339293668164093734623812749717873848774784002172969855083853484257625,BUY,0.01,5,1769921001143.6357,1769921001170.0903,26.45458984375,True,0xa36e624d7d9ba8c4a6d36cc0a8a060df588fd12409b0f7ac4a7d1026d5d9d87e,live,,13,4
2026-02-01T04:43:21.671036+00:00,57275516339293668164093734623812749717873848774784002172969855083853484257625,BUY,0.01,5,1769921001681.354,1769921001708.912,27.55810546875,True,0x15e76796cd70d00158ac377af943153b6f0dcb6627d3d7d396c244aa796f883d,live,,13,5
2026-02-01T04:43:23.394071+00:00,57275516339293668164093734623812749717873848774784002172969855083853484257625,BUY,0.01,5,1769921003404.278,1769921003435.0742,30.796142578125,True,0xc1954afd6f50f567da8eba4f55c0a2e071b8503ba09a1add7c45da208fae94da,live,,14,1
2026-02-01T04:43:23.935902+00:00,57275516339293668164093734623812749717873848774784002172969855083853484257625,BUY,0.01,5,1769921003946.177,1769921003973.761,27.583984375,True,0xb7605446ae7417b728c3c6c61435c017fd6575f52790dae894961f1c252f91bf,live,,14,2
2026-02-01T04:43:24.474591+00:00,57275516339293668164093734623812749717873848774784002172969855083853484257625,BUY,0.01,5,1769921004484.6543,1769921004556.121,71.466796875,True,0xf2479b8bc1e8c1c15de03ff9454310516eb11745a1dbbc1c3ecf4ce79842b004,live,,14,3
2026-02-01T04:43:25.056960+00:00,57275516339293668164093734623812749717873848774784002172969855083853484257625,BUY,0.01,5,1769921005067.2383,1769921005094.568,27.329833984375,True,0x41450bfc5acb2547eead53d65c956e4fe1ce34c384e3be198e3bb6106eed1248,live,,14,4
2026-02-01T04:43:25.595408+00:00,57275516339293668164093734623812749717873848774784002172969855083853484257625,BUY,0.01,5,1769921005605.9946,1769921005633.7773,27.78271484375,True,0x2609bc16e43710221c4d786d4d6f156ec99696c9fea28707c85cb6fb41774348,live,,14,5
2026-02-01T04:43:27.272559+00:00,57275516339293668164093734623812749717873848774784002172969855083853484257625,BUY,0.01,5,1769921007282.8047,1769921007310.2366,27.431884765625,True,0x21e28119fcfcf8021a4c7476144c4cf7b0481b0d4567f6928c3ed7c72b0fdd04,live,,15,1
2026-02-01T04:43:27.811135+00:00,57275516339293668164093734623812749717873848774784002172969855083853484257625,BUY,0.01,5,1769921007821.4983,1769921007943.6628,122.16455078125,True,0x13e48d821a547914ffff29245e517f1be9184159a6e9252e733a002c4baa08e9,live,,15,2
2026-02-01T04:43:28.444494+00:00,57275516339293668164093734623812749717873848774784002172969855083853484257625,BUY,0.01,5,1769921008454.942,1769921008483.6975,28.755615234375,True,0x6fb30d23659b553ed600e314c85c1ba093797448440ae2b82491d402ea5f8e14,live,,15,3
2026-02-01T04:43:28.984632+00:00,57275516339293668164093734623812749717873848774784002172969855083853484257625,BUY,0.01,5,1769921008994.8833,1769921009024.5498,29.66650390625,True,0xb40a63bb4130b73784475a7fe0b05a93258dbbf3646929793748590a21173d26,live,,15,4
2026-02-01T04:43:29.525376+00:00,57275516339293668164093734623812749717873848774784002172969855083853484257625,BUY,0.01,5,1769921009535.559,1769921009561.1995,25.640380859375,True,0xccc1b948448669155870dd408dcb26f9ae79191cdf5ccfec53e580d1bbafb16e,live,,15,5
2026-02-01T04:43:31.197219+00:00,57275516339293668164093734623812749717873848774784002172969855083853484257625,BUY,0.01,5,1769921011207.7087,1769921011235.6267,27.91796875,True,0x5d415a0de53c32a2066adb6b5177cde9a3681a17d60c684aba0556d72e877feb,live,,16,1
2026-02-01T04:43:31.736464+00:00,57275516339293668164093734623812749717873848774784002172969855083853484257625,BUY,0.01,5,1769921011746.8174,1769921011774.6938,27.87646484375,True,0xd9696ef15dd3fd2153e181250861cd2a445d5f86f72b5b2ab64588eac9ba6d8c,live,,16,2
2026-02-01T04:43:32.275510+00:00,57275516339293668164093734623812749717873848774784002172969855083853484257625,BUY,0.01,5,1769921012285.6907,1769921012312.4912,26.800537109375,True,0xb307eafc0a918fbf9b06a10319e4efc31e6aed30f3cabc73c90d745d246495f2,live,,16,3
2026-02-01T04:43:32.813290+00:00,57275516339293668164093734623812749717873848774784002172969855083853484257625,BUY,0.01,5,1769921012823.4375,1769921012852.8555,29.41796875,True,0x51b294125b7f84f4fc1d170f7a91d9c386f3cffa43b767420f51377365dd7ae1,live,,16,4
2026-02-01T04:43:33.353539+00:00,57275516339293668164093734623812749717873848774784002172969855083853484257625,BUY,0.01,5,1769921013363.7893,1769921013392.677,28.8876953125,True,0x2cc49efe308fce90a08f8ffc643e0cf7f656a8aebd5eee409bc9522499db6bc4,live,,16,5
2026-02-01T04:43:35.031591+00:00,57275516339293668164093734623812749717873848774784002172969855083853484257625,BUY,0.01,5,1769921015041.7063,1769921015073.021,31.314697265625,True,0x4ca5d4231a2084bce42b2561901201476fd2649141ab02cda0e2a6d74d52df34,live,,17,1
2026-02-01T04:43:35.573538+00:00,57275516339293668164093734623812749717873848774784002172969855083853484257625,BUY,0.01,5,1769921015583.8293,1769921015611.1187,27.289306640625,True,0x36aaff7ae0859bb6d2e438c806e52c2bc0644d6e466ba35513339bf98d4053fa,live,,17,2
2026-02-01T04:43:36.111941+00:00,57275516339293668164093734623812749717873848774784002172969855083853484257625,BUY,0.01,5,1769921016122.6033,1769921016151.456,28.852783203125,True,0x754708c48a021e9ada6fa19886c24052a5588a86e2ec592b2dbd7b58879c20cb,live,,17,3
2026-02-01T04:43:36.652285+00:00,57275516339293668164093734623812749717873848774784002172969855083853484257625,BUY,0.01,5,1769921016662.551,1769921016690.5466,27.99560546875,True,0x734580912dabe717d7ca4608793766c294f2f1f19226f70e641d11629ae8af5d,live,,17,4
2026-02-01T04:43:37.191376+00:00,57275516339293668164093734623812749717873848774784002172969855083853484257625,BUY,0.01,5,1769921017201.83,1769921017230.947,29.116943359375,True,0x600676b84e94edd83f85d7b36f10a3371079aabe289efabc47b106826f5adf50,live,,17,5
2026-02-01T04:43:38.878569+00:00,57275516339293668164093734623812749717873848774784002172969855083853484257625,BUY,0.01,5,1769921018888.7654,1769921018915.8079,27.04248046875,True,0x773024b1d5c40735f0fd3972d8efe51bf292b5f1597d9e9fdc1888b98e597ce5,live,,18,1
2026-02-01T04:43:39.416717+00:00,57275516339293668164093734623812749717873848774784002172969855083853484257625,BUY,0.01,5,1769921019426.9631,1769921019453.9238,26.960693359375,True,0x28a44246079a8b7840f2b3bae7932dfa250a0b8699678fecc2e77e6b6bb1c397,live,,18,2
2026-02-01T04:43:39.954743+00:00,57275516339293668164093734623812749717873848774784002172969855083853484257625,BUY,0.01,5,1769921019965.0115,1769921019991.763,26.75146484375,True,0x0f7736c1370c5001d5f2cbd126d792243f2b3212587f2b8458dc982b9bcd5c40,live,,18,3
2026-02-01T04:43:40.492686+00:00,57275516339293668164093734623812749717873848774784002172969855083853484257625,BUY,0.01,5,1769921020502.9182,1769921020531.7065,28.788330078125,True,0x497cad1b826cc9bf378e4eece4aababa0638dc99625bd7d7c28db9c7d14a8d54,live,,18,4
2026-02-01T04:43:41.032552+00:00,57275516339293668164093734623812749717873848774784002172969855083853484257625,BUY,0.01,5,1769921021042.77,1769921021072.9902,30.22021484375,True,0x07ff6739a5daae3eb08b5a642efd4463839039a878ba082da4aff8d6853d74b8,live,,18,5
2026-02-01T04:43:42.721474+00:00,57275516339293668164093734623812749717873848774784002172969855083853484257625,BUY,0.01,5,1769921022731.7334,1769921022763.7605,32.027099609375,True,0x38fd14cdb08987054033aa8592ff45ca432e6be4accca443958d544389d8d2e3,live,,19,1
2026-02-01T04:43:43.264587+00:00,57275516339293668164093734623812749717873848774784002172969855083853484257625,BUY,0.01,5,1769921023274.7483,1769921023312.4001,37.65185546875,True,0xf346ddafd96b3610bcef55c6fc578391aaa0b18a9060b4bd98623f8e26a84fa8,live,,19,2
2026-02-01T04:43:43.813229+00:00,57275516339293668164093734623812749717873848774784002172969855083853484257625,BUY,0.01,5,1769921023823.5193,1769921023852.3208,28.801513671875,True,0x17a9aa1c751f7aa5a58f59e885ba3da2bec934e84222146ce73413009583293c,live,,19,3
2026-02-01T04:43:44.353146+00:00,57275516339293668164093734623812749717873848774784002172969855083853484257625,BUY,0.01,5,1769921024363.5176,1769921024390.0767,26.55908203125,True,0xbbe7a032f0340297d64a54c7f62a15909141da1c07ed31ae4bc38926f08617ee,live,,19,4
2026-02-01T04:43:44.891082+00:00,57275516339293668164093734623812749717873848774784002172969855083853484257625,BUY,0.01,5,1769921024902.2856,1769921024933.703,31.417236328125,True,0x26ecafb42c6427c3d40f4bc7f978eb966dbdb979f0d91ebb57e03d91fd000715,live,,19,5
2026-02-01T04:43:46.582518+00:00,57275516339293668164093734623812749717873848774784002172969855083853484257625,BUY,0.01,5,1769921026593.005,1769921026620.9817,27.976806640625,True,0x4e91496c16da2f6dd157d53a38898371a6d2eb8a6c8faf219140b4a151c83574,live,,20,1
2026-02-01T04:43:47.121814+00:00,57275516339293668164093734623812749717873848774784002172969855083853484257625,BUY,0.01,5,1769921027132.0945,1769921027160.9712,28.876708984375,True,0xb10400a5e7436a470034e5eabd15316ce9afaa9b5ba37b56de51fde740419bab,live,,20,2
2026-02-01T04:43:47.661800+00:00,57275516339293668164093734623812749717873848774784002172969855083853484257625,BUY,0.01,5,1769921027672.1345,1769921027701.174,29.03955078125,True,0x7769200d2eea87c844c30ba7ff62575789021d6c3fad1c20bb650f0695ba21c6,live,,20,3
2026-02-01T04:43:48.202012+00:00,57275516339293668164093734623812749717873848774784002172969855083853484257625,BUY,0.01,5,1769921028212.2366,1769921028239.4473,27.210693359375,True,0x0f5cd4689a56502b51b74e3c08baf0a108b31d28c68b0a1bbfc45c3ee9bf6f74,live,,20,4
2026-02-01T04:43:48.740298+00:00,57275516339293668164093734623812749717873848774784002172969855083853484257625,BUY,0.01,5,1769921028750.4863,1769921028783.1199,32.633544921875,True,0x42fa0cb8ea26c358e12c7c06064497b63e7ecd7dad493831996012de7b89e99b,live,,20,5
